<?xml version='1.0' encoding='UTF-8' ?>
<timeLogEntries>
  <time id="6" path="/Non Project/PSP for Engineers/Program 1/Planning" start="@1661898396690" delta="7" />
  <time id="7" path="/Non Project/PSP for Engineers/Program 1/Design" start="@1661898401947" />
  <time id="8" path="/Non Project/PSP for Engineers/Program 1/Code" start="@1661898403089" delta="16" />
  <time id="9" path="/Non Project/PSP for Engineers/Program 1/Test" start="@1661898403637" delta="13" />
  <time id="10" path="/Non Project/PSP for Engineers/Program 1/Postmortem" start="@1661898404268" delta="10" />
  <time id="11" path="/Non Project/PSP for Engineers/Program 1/Compile" start="@1661898500407" delta="1" />
  <time id="12" path="/Non Project/PSP for Engineers/Program 2/Planning" start="@1661898987717" delta="6" />
  <time id="13" path="/Non Project/PSP for Engineers/Program 2/Planning" start="@1661899771524" delta="1" />
  <time id="14" path="/Non Project/PSP for Engineers/Program 2/Design" start="@1661899801708" delta="1" />
  <time id="15" path="/Non Project/PSP for Engineers/Program 2/Code" start="@1661899804704" delta="25" interrupt="2" />
  <time id="16" path="/Non Project/PSP for Engineers/Program 2/Code" start="@1661901958273" delta="20" interrupt="4" />
  <time id="17" path="/Non Project/PSP for Engineers/Program 2/Test" start="@1661904201517" delta="11" />
  <time id="18" path="/Non Project/PSP for Engineers/Program 2/Postmortem" start="@1661904209501" delta="10" />
  <time id="19" path="/Non Project/PSP for Engineers/Program 2/Compile" start="@1661904252631" delta="5" />
  <time id="21" path="/Non Project/PSP for Engineers/Program 2/Code" start="@1662157196830" delta="30" />
  <time id="22" path="/Non Project/PSP for Engineers/Program 3/Planning" start="@1662674081701" delta="20" />
  <time id="26" path="/Non Project/PSP for Engineers/Program 3/Design" start="@1662675261000" />
  <time id="27" path="/Non Project/PSP for Engineers/Program 3/Code" start="@1662675324000" delta="70" />
  <time id="28" path="/Non Project/PSP for Engineers/Program 3/Test" start="@1662679585000" delta="30" />
  <time id="29" path="/Non Project/PSP for Engineers/Program 3/Postmortem" start="@1662680547000" delta="16" comment="releitura da documentaçao e tabela de valores esperados" />
  <time id="30" path="/Non Project/PSP for Engineers/Program 3/Postmortem" start="@1662679134551" delta="6" />
  <time id="31" path="/Non Project/PSP for Engineers/Program 3/Postmortem" start="@1663025121904" delta="20" />
  <time id="32" path="/Non Project/PSP for Engineers/Program 4/Planning" start="@1664816995000" delta="40" interrupt="40" />
  <time id="33" path="/Non Project/PSP for Engineers/Program 4/Design" start="@1664835260000" delta="5" />
  <time id="34" path="/Non Project/PSP for Engineers/Program 4/Code" start="@1664840063137" delta="60" />
  <time id="35" path="/Non Project/PSP for Engineers/Program 4/Test" start="@1664843863934" delta="25" />
  <time id="36" path="/Non Project/PSP for Engineers/Program 4/Postmortem" start="@1664843870800" delta="20" />
  <time id="37" path="/Non Project/PSP for Engineers/Program 5/Planning" start="@1665430842907" delta="12" />
  <time id="38" path="/Non Project/PSP for Engineers/Interim Report/Planning" start="@1665431581297" delta="1" />
  <time id="39" path="/Non Project/PSP for Engineers/Program 5/Planning" start="@1665431658878" delta="14" />
  <time id="40" path="/Non Project/PSP for Engineers/Program 5/Planning" start="@1665432976791" delta="1" />
  <time id="41" path="/Non Project/PSP for Engineers/Program 5/Design" start="@1665432979407" delta="1" />
  <time id="42" path="/Non Project/PSP for Engineers/Program 5/Design Review" start="@1665432982524" delta="1" />
  <time id="43" path="/Non Project/PSP for Engineers/Program 5/Code" start="@1665432985089" delta="94" />
  <time id="44" path="/Non Project/PSP for Engineers/Program 5/Code Review" start="@1665438611947" delta="25" />
  <time id="45" path="/Non Project/PSP for Engineers/Program 5/Test" start="@1665438617125" delta="30" />
  <time id="46" path="/Non Project/PSP for Engineers/Program 5/Postmortem" start="@1665447075265" delta="15" />
  <time id="47" path="/Non Project/PSP for Engineers/Program 6/Planning" start="@1666470523182" delta="22" interrupt="1" />
  <time id="48" path="/Non Project/PSP for Engineers/Program 6/Planning" start="@1666563160595" delta="28" interrupt="1" />
  <time id="49" path="/Non Project/PSP for Engineers/Program 6/Design" start="@1666564954033" delta="1" />
  <time id="50" path="/Non Project/PSP for Engineers/Program 6/Design Review" start="@1666564955610" delta="1" />
  <time id="51" path="/Non Project/PSP for Engineers/Program 6/Code" start="@1666564956376" delta="20" />
  <time id="52" path="/Non Project/PSP for Engineers/Program 6/Code" start="@1666566032837" delta="25" />
  <time id="53" path="/Non Project/PSP for Engineers/Program 6/Code" start="@1666568620214" delta="35" />
  <time id="54" path="/Non Project/PSP for Engineers/Program 6/Code" start="@1666645538477" delta="30" />
  <time id="55" path="/Non Project/PSP for Engineers/Program 6/Code Review" start="@1666647073000" delta="30" />
  <time id="56" path="/Non Project/PSP for Engineers/Program 6/Compile" start="@1666648993000" delta="5" comment="testes para loop infinito" />
  <time id="57" path="/Non Project/PSP for Engineers/Program 6/Test" start="@1666649394000" delta="8" />
  <time id="58" path="/Non Project/PSP for Engineers/Program 6/Postmortem" start="@1666652006459" delta="1" />
  <time id="59" path="/Non Project/PSP for Engineers/Program 6/Planning" start="@1666652073124" delta="1" />
  <time id="60" path="/Non Project/PSP for Engineers/Program 6/Postmortem" start="@1666652130000" delta="90" />
</timeLogEntries>
