<?xml version='1.0' encoding='UTF-8' ?>
<timeLogEntries>
  <time id="6" path="/Non Project/PSP for Engineers/Program 1/Planning" start="@1661898396690" delta="7" />
  <time id="7" path="/Non Project/PSP for Engineers/Program 1/Design" start="@1661898401947" />
  <time id="8" path="/Non Project/PSP for Engineers/Program 1/Code" start="@1661898403089" delta="16" />
  <time id="9" path="/Non Project/PSP for Engineers/Program 1/Test" start="@1661898403637" delta="13" />
  <time id="10" path="/Non Project/PSP for Engineers/Program 1/Postmortem" start="@1661898404268" delta="10" />
  <time id="11" path="/Non Project/PSP for Engineers/Program 1/Compile" start="@1661898500407" delta="1" />
  <time id="12" path="/Non Project/PSP for Engineers/Program 2/Planning" start="@1661898987717" delta="6" />
  <time id="13" path="/Non Project/PSP for Engineers/Program 2/Planning" start="@1661899771524" delta="1" />
  <time id="14" path="/Non Project/PSP for Engineers/Program 2/Design" start="@1661899801708" delta="1" />
  <time id="15" path="/Non Project/PSP for Engineers/Program 2/Code" start="@1661899804704" delta="25" interrupt="2" />
  <time id="16" path="/Non Project/PSP for Engineers/Program 2/Code" start="@1661901958273" delta="20" interrupt="4" />
  <time id="17" path="/Non Project/PSP for Engineers/Program 2/Test" start="@1661904201517" delta="11" />
  <time id="18" path="/Non Project/PSP for Engineers/Program 2/Postmortem" start="@1661904209501" delta="10" />
  <time id="19" path="/Non Project/PSP for Engineers/Program 2/Compile" start="@1661904252631" delta="5" />
  <time id="21" path="/Non Project/PSP for Engineers/Program 2/Code" start="@1662157196830" delta="30" />
</timeLogEntries>
